{
    "loss": 5.948209285736084,
    "accuracy": 0.6856912970542908
}